fournisseur,variete,espece,conditionnement_unite,conditionnement_qte,prix_ht,poids_1000_graines_g,prix_par_gramme,prix_par_1000_graines,notes
Prosem,Napoli F1,Carotte,graines,25000,45.00,0.8,1.80,1.44,GP calibre 1.6-1.8 - NT
Prosem,Goku F1,Chou pak choi,graines,500,28.00,2.9,0.056,0.163,GN non traité
Prosem,Boro F1,Betterave,graines,1000,22.00,11.3,0.022,0.249,GN NT rouge
Prosem,Crapaudine,Betterave,grammes,50,9.00,15.0,0.180,,g NT
Prosem,Berac,Blette,graines,1000,18.00,18.0,0.018,0.324,GN NT
Prosem,Cerfeuil Commun,Cerfeuil,grammes,10,6.85,2.0,0.685,,g NT
Prosem,Ryou F1,Chou pak choi,graines,500,26.00,2.64,0.052,0.137,GN NT tige verte
Prosem,Twitter F1,Courgette,graines,50,18.00,150.0,0.120,18.000,GN NT
Prosem,Polyvert,Ciboulette,grammes,10,8.00,1.3,0.800,,GN NT
Gautier,Margold F1,Tomate,graines,50,18.50,4.0,0.370,1.480,Côtelée jaune
Gautier,Marnouar F1,Tomate,graines,50,17.00,4.0,0.340,1.360,Côtelée noire
Gautier,Kalixo F1,Tomate,graines,50,16.00,4.0,0.320,1.280,Grappe
Clause,Buffalosteak F1,Tomate,graines,50,15.00,3.5,0.300,1.050,Côtelée rouge
Clause,Diamandia F1,Tomate,graines,50,16.50,3.5,0.330,1.155,Cœur rouge
Agrosemens,Chioggia race Bilik,Betterave,grammes,100,10.80,12.1,0.108,,Bio
Agrosemens,Amiva,Carotte,grammes,50,23.15,0.88,0.463,,Bio nantaise
Agrosemens,Jaune du Doubs,Carotte,grammes,50,25.00,0.9,0.500,,Bio ancienne
Agrosemens,Mizuna Moutarde,Crucifère,grammes,10,2.70,2.0,0.270,,Bio mesclun
Voltz,Flash (Roquette),Roquette,grammes,50,12.00,1.9,0.240,,NT mesclun
